{"SpaceDragon":2000,"Battlecruiser":1500,"Brawler":1333.333333,"Decimator":1333.333333,"PulseTank":571.4285714,"Spider":500,"Marine":0.138888889,"Rhino":1.388888889,"Raider":2.777777778,"Pyro":8.333333333,"Specter":16.66666667,"Hornet":5.555555556,"Titan":41.66666667,"Shrike":11.11111111,"Disruptor":333.3333333,"ExplodeR":8.333333333,"Chimera":250,"Thor":16.66666667,"Sentinel":833.3333333}